Unnamed: 0,title,ingredients,directions,link,source,NER
0,Pickle Ice Cream,"['480 ml heavy cream', '120 ml pickle juice', '60 g sugar', '10 ml vanilla']","['Whisk together cream, pickle juice, sugar, and vanilla.', 'Pour into an ice cream maker and churn until thick.', 'Freeze for 2 hours before serving.']",,Generated,"['cream', 'pickle juice', 'sugar', 'vanilla']"
1,Chocolate Bacon Pancakes,"['240 g pancake mix', '80 g chocolate chips', '60 g crumbled bacon', '180 ml milk']","['Mix pancake batter with milk until smooth.', 'Stir in chocolate chips and crumbled bacon.', 'Cook pancakes on a griddle until golden.']",,Generated,"['pancake mix', 'chocolate chips', 'bacon', 'milk']"
2,Avocado Brownies,"['2 ripe avocados', '50 g cocoa powder', '150 g sugar', '60 g almond flour']","['Blend avocados until smooth.', 'Mix in cocoa powder, sugar, and almond flour.', 'Bake at 180°C for 25 minutes.']",,Generated,"['avocados', 'cocoa powder', 'sugar', 'almond flour']"
3,Sushi Tacos,"['240 g sushi rice', '4 sheets of nori', '120 g diced salmon', '60 g avocado']","['Cook and season sushi rice.', 'Shape nori sheets into taco shells.', 'Fill with rice, salmon, and avocado.']",,Generated,"['sushi rice', 'nori', 'salmon', 'avocado']"
4,Coconut Curry Pizza,"['1 pizza crust', '120 ml coconut milk', '60 g curry paste', '120 g diced chicken']","['Spread coconut milk and curry paste on pizza crust.', 'Top with diced chicken and bake at 200°C for 15 minutes.']",,Generated,"['pizza crust', 'coconut milk', 'curry paste', 'chicken']"
5,Sweet Potato Chocolate Pudding,"['1 large sweet potato', '50 g cocoa powder', '60 ml maple syrup']","['Bake and mash the sweet potato.', 'Blend with cocoa powder and maple syrup until smooth.', 'Chill before serving.']",,Generated,"['sweet potato', 'cocoa powder', 'maple syrup']"
6,Blue Cheese Ice Cream,"['480 ml heavy cream', '120 g crumbled blue cheese', '60 ml honey']","['Heat cream until steaming.', 'Stir in blue cheese and honey.', 'Churn in an ice cream maker and freeze.']",,Generated,"['cream', 'blue cheese', 'honey']"
7,Peanut Butter Kimchi Sandwich,"['2 slices of bread', '30 g peanut butter', '60 g kimchi']","['Spread peanut butter on one slice of bread.', 'Top with kimchi and cover with the second slice.', 'Slice and serve.']",,Generated,"['bread', 'peanut butter', 'kimchi']"
8,Spaghetti Donuts,"['480 g cooked spaghetti', '2 eggs', '120 g grated cheese']","['Mix cooked spaghetti with eggs and cheese.', 'Pack into a donut mold and bake at 180°C for 20 minutes.', 'Cool before serving.']",,Generated,"['spaghetti', 'eggs', 'cheese']"
9,Matcha Popcorn,"['120 g popcorn kernels', '30 g matcha powder', '60 g white chocolate']","['Pop popcorn kernels.', 'Melt white chocolate and mix with matcha powder.', 'Drizzle over popcorn and let cool.']",,Generated,"['popcorn', 'matcha', 'white chocolate']"
10,Pumpkin Spice Pasta,"['450 g pasta', '120 ml pumpkin puree', '60 ml cream', '1 g nutmeg']","['Cook pasta according to package instructions.', 'Mix pumpkin puree, cream, and nutmeg in a pan and heat.', 'Toss pasta with the sauce and serve warm.']",,Generated,"['pasta', 'pumpkin puree', 'cream', 'nutmeg']"
11,Wasabi Mashed Potatoes,"['4 large potatoes', '60 ml milk', '15 g wasabi paste', '30 g butter']","['Boil and mash potatoes.', 'Mix in milk, wasabi paste, and butter until smooth.', 'Serve as a side dish.']",,Generated,"['potatoes', 'milk', 'wasabi paste', 'butter']"
12,Mango Basil Smoothie,"['1 mango', '240 ml coconut water', '60 g fresh basil leaves']","['Blend mango, coconut water, and basil leaves until smooth.', 'Serve chilled.']",,Generated,"['mango', 'coconut water', 'basil']"
13,Carrot Cake Waffles,"['240 g waffle mix', '120 g shredded carrots', '60 g raisins', '5 g cinnamon']","['Mix waffle batter with shredded carrots, raisins, and cinnamon.', 'Cook in a waffle iron until golden brown.', 'Top with cream cheese glaze.']",,Generated,"['waffle mix', 'carrots', 'raisins', 'cinnamon']"
14,Beet Hummus,"['1 can chickpeas', '1 roasted beet', '60 ml tahini', '60 ml lemon juice']","['Blend chickpeas, roasted beet, tahini, and lemon juice until smooth.', 'Serve with pita chips or vegetables.']",,Generated,"['chickpeas', 'beet', 'tahini', 'lemon juice']"
15,Lavender Lemonade,"['120 ml lemon juice', '60 ml lavender syrup', '480 ml sparkling water']","['Mix lemon juice, lavender syrup, and sparkling water.', 'Serve over ice.']",,Generated,"['lemon juice', 'lavender syrup', 'sparkling water']"
16,Cheese and Honey Croissant,"['2 croissants', '60 g brie cheese', '30 ml honey']","['Slice croissants and stuff with brie cheese.', 'Drizzle honey inside and warm in the oven for 5 minutes.']",,Generated,"['croissants', 'brie cheese', 'honey']"
17,Strawberry Salsa,"['240 g diced strawberries', '60 g diced red onion', '15 ml lime juice']","['Mix strawberries, red onion, and lime juice in a bowl.', 'Serve with tortilla chips or as a topping for grilled dishes.']",,Generated,"['strawberries', 'red onion', 'lime juice']"
18,Green Tea Pancakes,"['240 g pancake mix', '15 g matcha powder', '180 ml milk']","['Mix pancake batter with matcha powder and milk until smooth.', 'Cook pancakes on a griddle until golden.']",,Generated,"['pancake mix', 'matcha powder', 'milk']"
19,Sweet Corn Ice Cream,"['480 ml heavy cream', '120 g corn kernels', '60 g sugar']","['Blend corn kernels and sugar into a smooth paste.', 'Mix with heavy cream and churn in an ice cream maker.', 'Freeze before serving.']",,Generated,"['cream', 'corn kernels', 'sugar']"
20,Pineapple Jalapeño Pizza,"['1 pizza crust', '120 ml tomato sauce', '120 g pineapple chunks', '1 diced jalapeño', '240 g mozzarella cheese']","['Spread tomato sauce on pizza crust.', 'Top with pineapple, jalapeño, and mozzarella.', 'Bake at 200°C for 15 minutes.']",,Generated,"['pizza crust', 'tomato sauce', 'pineapple', 'jalapeño', 'mozzarella']"
21,Chili Chocolate Cake,"['1 box chocolate cake mix', '20 g chili powder', '80 g dark chocolate chips']","['Prepare cake mix according to package instructions.', 'Stir in chili powder and chocolate chips.', 'Bake as directed.']",,Generated,"['chocolate cake mix', 'chili powder', 'dark chocolate chips']"
22,Bacon Maple Donuts,"['1 can biscuit dough', '60 ml maple syrup', '60 g crumbled bacon']","['Shape biscuit dough into donuts.', 'Fry in oil until golden brown.', 'Drizzle with maple syrup and sprinkle with bacon.']",,Generated,"['biscuit dough', 'maple syrup', 'bacon']"
23,Green Pea Pancakes,"['150 g green peas', '60 g flour', '1 egg', '60 ml milk']","['Blend peas, flour, egg, and milk until smooth.', 'Cook pancakes on a griddle until set.', 'Serve with sour cream.']",,Generated,"['green peas', 'flour', 'egg', 'milk']"
24,Rosemary Lemonade,"['120 ml lemon juice', '60 ml rosemary syrup', '480 ml sparkling water']","['Mix lemon juice, rosemary syrup, and sparkling water.', 'Serve over ice.']",,Generated,"['lemon juice', 'rosemary syrup', 'sparkling water']"
25,Spaghetti Ice Cream,"['480 ml vanilla ice cream', '120 ml strawberry sauce', '30 g grated white chocolate']","['Press vanilla ice cream through a potato ricer to resemble spaghetti.', 'Top with strawberry sauce and grated white chocolate.']",,Generated,"['vanilla ice cream', 'strawberry sauce', 'white chocolate']"
26,Beetroot Smoothie,"['1 cooked beetroot', '240 ml orange juice', '120 ml yogurt']","['Blend beetroot, orange juice, and yogurt until smooth.', 'Serve chilled.']",,Generated,"['beetroot', 'orange juice', 'yogurt']"
27,Miso Caramel Sauce,"['100 g sugar', '60 ml water', '15 g miso paste', '60 ml cream']","['Cook sugar and water until golden.', 'Stir in miso paste and cream until smooth.', 'Cool and use as a topping.']",,Generated,"['sugar', 'water', 'miso paste', 'cream']"
28,Sweet Potato Waffles,"['240 g mashed sweet potato', '120 g flour', '1 egg', '120 ml milk']","['Mix mashed sweet potato, flour, egg, and milk until smooth.', 'Cook in a waffle iron until golden.']",,Generated,"['sweet potato', 'flour', 'egg', 'milk']"
29,Carrot Ginger Soup,"['4 carrots', '15 g grated ginger', '480 ml vegetable stock', '60 ml cream']","['Cook carrots and ginger in vegetable stock until tender.', 'Blend until smooth and stir in cream.', 'Serve warm.']",,Generated,"['carrots', 'ginger', 'vegetable stock', 'cream']"
30,Peanut Butter Pizza,"['1 pizza crust', '60 ml peanut butter', '80 g chocolate chips', '60 g sliced bananas']","['Spread peanut butter on pizza crust.', 'Top with chocolate chips and bananas.', 'Bake at 200°C for 10 minutes.']",,Generated,"['pizza crust', 'peanut butter', 'chocolate chips', 'bananas']"
31,Garlic Ice Cream,"['480 ml heavy cream', '60 g sugar', '2 cloves roasted garlic']","['Blend roasted garlic with cream and sugar.', 'Churn in an ice cream maker and freeze.']",,Generated,"['cream', 'sugar', 'garlic']"
32,Avocado Cheesecake,"['1 avocado', '240 g cream cheese', '100 g sugar', '1 pre-made crust']","['Blend avocado, cream cheese, and sugar until smooth.', 'Pour into crust and chill for 2 hours.']",,Generated,"['avocado', 'cream cheese', 'sugar', 'crust']"
33,Lavender Shortbread Cookies,"['240 g flour', '120 g butter', '60 g sugar', '15 g dried lavender']","['Mix flour, butter, sugar, and lavender until dough forms.', 'Shape into cookies and bake at 180°C for 12 minutes.']",,Generated,"['flour', 'butter', 'sugar', 'lavender']"
34,Coconut Curry Ice Cream,"['240 ml coconut milk', '15 g curry powder', '60 g sugar']","['Mix coconut milk, curry powder, and sugar.', 'Churn in an ice cream maker and freeze.']",,Generated,"['coconut milk', 'curry powder', 'sugar']"
35,Turmeric Latte Ice Cream,"['240 ml coconut milk', '5 g turmeric', '60 ml honey', '2.5 g cinnamon']","['Mix coconut milk, turmeric, honey, and cinnamon.', 'Churn in an ice cream maker and freeze.']",,Generated,"['coconut milk', 'turmeric', 'honey', 'cinnamon']"
36,Savory Herb Cheesecake,"['240 g cream cheese', '120 g sour cream', '60 g chopped herbs', '1 pre-made crust']","['Mix cream cheese, sour cream, and herbs until smooth.', 'Pour into crust and bake at 180°C for 25 minutes.']",,Generated,"['cream cheese', 'sour cream', 'herbs', 'crust']"
37,Gingerbread Pancakes,"['240 g pancake mix', '2.5 g ginger', '2.5 g cinnamon', '60 ml molasses']","['Mix pancake batter with ginger, cinnamon, and molasses.', 'Cook pancakes on a griddle until golden brown.']",,Generated,"['pancake mix', 'ginger', 'cinnamon', 'molasses']"
38,Mango Avocado Salsa,"['1 diced mango', '1 diced avocado', '15 ml lime juice', '60 ml diced red onion']","['Mix mango, avocado, lime juice, and red onion.', 'Serve with chips or as a topping for grilled fish.']",,Generated,"['mango', 'avocado', 'lime juice', 'red onion']"
39,Chocolate Zucchini Bread,"['240 g shredded zucchini', '50 g cocoa powder', '240 g flour', '100 g sugar']","['Mix zucchini, cocoa powder, flour, and sugar into a batter.', 'Bake at 180°C for 40 minutes.']",,Generated,"['zucchini', 'cocoa powder', 'flour', 'sugar']"
40,Curry Mango Smoothie,"['1 ripe mango', '240 ml coconut milk', '2 g curry powder']","['Blend mango, coconut milk, and curry powder until smooth.', 'Serve chilled.']",,Generated,"['mango', 'coconut milk', 'curry powder']"
41,Sweet Potato Pie Smoothie,"['1 baked sweet potato', '240 ml milk', '2 g cinnamon', '15 ml maple syrup']","['Blend sweet potato, milk, cinnamon, and maple syrup until smooth.', 'Serve cold or warm.']",,Generated,"['sweet potato', 'milk', 'cinnamon', 'maple syrup']"
42,Rose Petal Jelly,"['480 ml rose petals', '240 g sugar', '120 ml water', '5 ml lemon juice']","['Boil rose petals, sugar, water, and lemon juice.', 'Simmer until thickened and strain before cooling.']",,Generated,"['rose petals', 'sugar', 'water', 'lemon juice']"
43,Cranberry Pistachio Cookies,"['240 g flour', '60 g dried cranberries', '30 g chopped pistachios', '100 g sugar']","['Mix flour, cranberries, pistachios, and sugar into a dough.', 'Shape into cookies and bake at 180°C for 12 minutes.']",,Generated,"['flour', 'cranberries', 'pistachios', 'sugar']"
44,Pineapple Curry Pizza,"['1 pizza crust', '120 ml curry sauce', '120 g pineapple chunks', '240 g mozzarella cheese']","['Spread curry sauce on pizza crust.', 'Top with pineapple chunks and mozzarella cheese.', 'Bake at 200°C for 15 minutes.']",,Generated,"['pizza crust', 'curry sauce', 'pineapple', 'mozzarella']"
45,Spinach Feta Waffles,"['240 g waffle mix', '120 g chopped spinach', '60 g crumbled feta']","['Mix waffle batter with spinach and feta.', 'Cook in a waffle iron until golden.']",,Generated,"['waffle mix', 'spinach', 'feta']"
46,Ginger Lemonade,"['120 ml lemon juice', '15 g grated ginger', '480 ml sparkling water', '60 g honey']","['Mix lemon juice, grated ginger, sparkling water, and honey.', 'Serve over ice.']",,Generated,"['lemon juice', 'ginger', 'sparkling water', 'honey']"
47,Chocolate Avocado Mousse,"['2 ripe avocados', '50 g cocoa powder', '50 g honey']","['Blend avocados, cocoa powder, and honey until smooth.', 'Chill before serving.']",,Generated,"['avocados', 'cocoa powder', 'honey']"
48,Chili Lime Popcorn,"['120 g popcorn kernels', '5 g chili powder', '15 g lime zest', '60 g melted butter']","['Pop popcorn kernels.', 'Toss with chili powder, lime zest, and melted butter.', 'Serve warm.']",,Generated,"['popcorn', 'chili powder', 'lime zest', 'butter']"
49,Lavender Lemon Cookies,"['240 g flour', '120 g butter', '60 g sugar', '5 g dried lavender', '5 g lemon zest']","['Mix flour, butter, sugar, lavender, and lemon zest into a dough.', 'Shape into cookies and bake at 180°C for 12 minutes.']",,Generated,"['flour', 'butter', 'sugar', 'lavender', 'lemon zest']"
50,Spaghetti Tacos,"['450 g ground beef', '35 g taco seasoning mix', '450 g spaghetti', '737 g spaghetti sauce', '12 taco shells', '240 g shredded cheddar cheese', '240 g shredded lettuce', '240 g diced tomatoes']","['In a large skillet, cook ground beef over medium heat until browned; drain excess fat.', 'Stir in taco seasoning mix and prepare according to package directions.', 'Meanwhile, cook spaghetti according to package directions; drain.', 'Stir spaghetti sauce into cooked spaghetti.', 'Fill each taco shell with a layer of the meat mixture, then a layer of spaghetti with sauce.', 'Top with shredded cheddar cheese, lettuce, and diced tomatoes.', 'Serve immediately.']",https://www.food.com/recipe/spaghetti-tacos-from-icarly-453342,Garhered,"['ground beef', 'taco seasoning mix', 'spaghetti', 'spaghetti sauce', 'taco shells', 'cheddar cheese', 'lettuce', 'tomatoes']"
51,Cucumber Mint Sorbet,"['500 g cucumber', '100 g sugar', '250 ml water', '10 g mint leaves']","['Peel and chop cucumber.', 'Blend cucumber with sugar, water, and mint leaves.', 'Churn in an ice cream maker and freeze until firm.']",,Generated,"['cucumber', 'sugar', 'water', 'mint leaves']"
52,Spicy Mango Salad,"['2 ripe mangoes', '5 g chili flakes', '15 ml lime juice', '10 g chopped cilantro']","['Peel and slice mangoes.', 'Toss with chili flakes, lime juice, and chopped cilantro.', 'Serve chilled.']",,Generated,"['mangoes', 'chili flakes', 'lime juice', 'cilantro']"
53,Pumpkin Seed Pesto,"['100 g pumpkin seeds', '50 g Parmesan cheese', '150 ml olive oil', '2 cloves garlic']","['Toast pumpkin seeds until golden.', 'Blend with Parmesan, olive oil, and garlic until smooth.', 'Serve as a spread or pasta sauce.']",,Generated,"['pumpkin seeds', 'Parmesan cheese', 'olive oil', 'garlic']"
54,Avocado Lime Mousse,"['2 ripe avocados', '50 ml lime juice', '30 ml honey', '200 ml whipped cream']","['Blend avocados, lime juice, and honey until smooth.', 'Fold in whipped cream and chill before serving.']",,Generated,"['avocados', 'lime juice', 'honey', 'whipped cream']"
55,Roasted Beet Hummus,"['200 g roasted beets', '400 g canned chickpeas', '50 ml olive oil', '30 ml lemon juice']","['Blend roasted beets, chickpeas, olive oil, and lemon juice until smooth.', 'Serve with pita bread or vegetables.']",,Generated,"['beets', 'chickpeas', 'olive oil', 'lemon juice']"
56,Sweet Potato Gnocchi,"['500 g sweet potatoes', '150 g flour', '1 egg', '5 g salt']","['Mash sweet potatoes and mix with flour, egg, and salt to form a dough.', 'Shape into gnocchi and boil until they float.', 'Serve with your favorite sauce.']",,Generated,"['sweet potatoes', 'flour', 'egg', 'salt']"
57,Coconut Rice Pudding,"['200 g rice', '500 ml coconut milk', '50 g sugar', '10 g shredded coconut']","['Cook rice in coconut milk with sugar until soft.', 'Top with shredded coconut and serve warm or chilled.']",,Generated,"['rice', 'coconut milk', 'sugar', 'shredded coconut']"
58,Herb-Infused Lemonade,"['100 ml lemon juice', '500 ml water', '30 ml honey', '10 g fresh thyme']","['Mix lemon juice, water, and honey.', 'Add fresh thyme and chill before serving.']",,Generated,"['lemon juice', 'water', 'honey', 'thyme']"
59,Peanut Butter Banana Smoothie,"['2 bananas', '30 g peanut butter', '300 ml milk', '5 g cocoa powder']","['Blend bananas, peanut butter, milk, and cocoa powder until smooth.', 'Serve immediately.']",,Generated,"['bananas', 'peanut butter', 'milk', 'cocoa powder']"
60,Carrot Ginger Dressing,"['200 g carrots', '50 ml olive oil', '20 ml rice vinegar', '10 g grated ginger']","['Blend carrots, olive oil, rice vinegar, and ginger until smooth.', 'Use as a dressing for salads.']",,Generated,"['carrots', 'olive oil', 'rice vinegar', 'ginger']"
61,Spinach Ricotta Crepes,"['150 g spinach', '200 g ricotta cheese', '3 eggs', '200 ml milk']","['Prepare crepe batter with eggs and milk.', 'Cook crepes and fill with spinach and ricotta mixture.', 'Fold and serve warm.']",,Generated,"['spinach', 'ricotta cheese', 'eggs', 'milk']"
62,Chocolate Chili Bark,"['200 g dark chocolate', '10 g chili flakes', '20 g crushed nuts']","['Melt chocolate and mix in chili flakes and crushed nuts.', 'Spread on a baking sheet and cool until set.', 'Break into pieces and serve.']",,Generated,"['dark chocolate', 'chili flakes', 'nuts']"
63,Rosemary Garlic Focaccia,"['500 g flour', '10 g yeast', '300 ml water', '10 g chopped rosemary', '5 g minced garlic']","['Mix flour, yeast, water, rosemary, and garlic into a dough.', 'Let rise, then bake at 200°C for 25 minutes.']",,Generated,"['flour', 'yeast', 'water', 'rosemary', 'garlic']"
64,Lavender Honey Ice Cream,"['500 ml milk', '250 ml cream', '30 ml honey', '5 g dried lavender']","['Heat milk and cream with honey and lavender.', 'Churn in an ice cream maker and freeze until firm.']",,Generated,"['milk', 'cream', 'honey', 'lavender']"
65,Chili Lime Popcorn,"['50 g popcorn kernels', '5 g chili powder', '10 ml lime juice', '10 g melted butter']","['Pop kernels and toss with chili powder, lime juice, and melted butter.', 'Serve warm.']",,Generated,"['popcorn kernels', 'chili powder', 'lime juice', 'butter']"
66,Zucchini Fritters,"['500 g zucchini', '100 g flour', '1 egg', '5 g salt']","['Grate zucchini and squeeze out excess water.', 'Mix with flour, egg, and salt to form a batter.', 'Fry spoonfuls in hot oil until golden.']",,Generated,"['zucchini', 'flour', 'egg', 'salt']"
67,Lemon Thyme Roast Potatoes,"['1 kg potatoes', '50 ml olive oil', '10 g fresh thyme', '5 g lemon zest']","['Cut potatoes into wedges.', 'Toss with olive oil, thyme, and lemon zest.', 'Roast at 200°C for 30 minutes until crispy.']",,Generated,"['potatoes', 'olive oil', 'thyme', 'lemon zest']"
68,Spicy Lentil Soup,"['200 g red lentils', '1 liter vegetable stock', '10 g curry powder', '200 g diced tomatoes']","['Combine lentils, vegetable stock, curry powder, and diced tomatoes in a pot.', 'Simmer for 20 minutes until lentils are soft.', 'Blend partially for a creamy texture.']",,Generated,"['lentils', 'vegetable stock', 'curry powder', 'diced tomatoes']"
69,Coconut Lime Panna Cotta,"['400 ml coconut milk', '50 ml lime juice', '30 g sugar', '10 g gelatin']","['Heat coconut milk with sugar until dissolved.', 'Add lime juice and gelatin, stirring until smooth.', 'Pour into molds and chill until set.']",,Generated,"['coconut milk', 'lime juice', 'sugar', 'gelatin']"
70,Spinach Artichoke Dip,"['200 g spinach', '200 g artichoke hearts', '100 g cream cheese', '50 g Parmesan cheese']","['Blend spinach, artichoke hearts, cream cheese, and Parmesan until smooth.', 'Bake at 180°C for 15 minutes until bubbly.', 'Serve with crackers or bread.']",,Generated,"['spinach', 'artichoke hearts', 'cream cheese', 'Parmesan']"
71,Peach Basil Salad,"['4 peaches', '50 g fresh basil leaves', '30 ml balsamic vinegar', '10 g honey']","['Slice peaches and toss with basil leaves.', 'Drizzle with balsamic vinegar and honey.', 'Serve immediately.']",,Generated,"['peaches', 'basil leaves', 'balsamic vinegar', 'honey']"
72,Quinoa Stuffed Bell Peppers,"['4 bell peppers', '200 g cooked quinoa', '100 g black beans', '50 g shredded cheese']","['Cut tops off bell peppers and remove seeds.', 'Stuff with quinoa, black beans, and cheese.', 'Bake at 180°C for 25 minutes.']",,Generated,"['bell peppers', 'quinoa', 'black beans', 'cheese']"
73,Mango Chia Pudding,"['1 ripe mango', '200 ml coconut milk', '30 g chia seeds', '10 g honey']","['Blend mango and coconut milk until smooth.', 'Stir in chia seeds and honey.', 'Chill for 4 hours before serving.']",,Generated,"['mango', 'coconut milk', 'chia seeds', 'honey']"
74,Savory Cheese Scones,"['200 g flour', '50 g butter', '100 g grated cheese', '150 ml milk']","['Mix flour and butter until crumbly.', 'Stir in cheese and milk to form a dough.', 'Shape into scones and bake at 200°C for 12 minutes.']",,Generated,"['flour', 'butter', 'cheese', 'milk']"
75,Chocolate Espresso Mousse,"['200 g dark chocolate', '100 ml espresso', '200 ml whipped cream']","['Melt chocolate with espresso.', 'Fold in whipped cream and chill before serving.']",,Generated,"['dark chocolate', 'espresso', 'whipped cream']"
76,Turmeric Cauliflower Rice,"['500 g cauliflower', '5 g turmeric', '30 ml olive oil']","['Grate cauliflower to resemble rice.', 'Sauté with turmeric and olive oil until tender.', 'Serve as a side dish.']",,Generated,"['cauliflower', 'turmeric', 'olive oil']"
77,Blueberry Lemon Muffins,"['200 g flour', '100 g sugar', '100 g blueberries', '50 ml lemon juice', '1 egg']","['Mix flour, sugar, and blueberries.', 'Stir in lemon juice and egg to form a batter.', 'Bake at 180°C for 20 minutes.']",,Generated,"['flour', 'sugar', 'blueberries', 'lemon juice', 'egg']"
78,Honey Roasted Carrots,"['500 g carrots', '30 ml honey', '20 ml olive oil']","['Toss carrots with honey and olive oil.', 'Roast at 200°C for 25 minutes until caramelized.']",,Generated,"['carrots', 'honey', 'olive oil']"
79,Pumpkin Spice Energy Balls,"['200 g oats', '100 g pumpkin puree', '50 g peanut butter', '30 g honey']","['Mix oats, pumpkin puree, peanut butter, and honey.', 'Roll into balls and chill before serving.']",,Generated,"['oats', 'pumpkin puree', 'peanut butter', 'honey']"
80,Cucumber Dill Salad,"['2 cucumbers', '100 g Greek yogurt', '10 g fresh dill', '5 ml lemon juice']","['Slice cucumbers and toss with yogurt, dill, and lemon juice.', 'Serve chilled.']",,Generated,"['cucumbers', 'Greek yogurt', 'dill', 'lemon juice']"
81,Spicy Peanut Noodles,"['200 g noodles', '50 g peanut butter', '10 ml soy sauce', '5 g chili flakes']","['Cook noodles and toss with peanut butter, soy sauce, and chili flakes.', 'Serve warm.']",,Generated,"['noodles', 'peanut butter', 'soy sauce', 'chili flakes']"
82,Lemon Garlic Green Beans,"['500 g green beans', '20 ml olive oil', '5 g minced garlic', '5 ml lemon juice']","['Sauté green beans with olive oil and garlic.', 'Drizzle with lemon juice before serving.']",,Generated,"['green beans', 'olive oil', 'garlic', 'lemon juice']"
83,Berry Chia Jam,"['200 g mixed berries', '30 g chia seeds', '30 g honey']","['Cook berries and honey until soft.', 'Stir in chia seeds and cool until thickened.']",,Generated,"['berries', 'chia seeds', 'honey']"
84,Sweet Corn Fritters,"['200 g corn kernels', '100 g flour', '1 egg', '30 ml milk']","['Mix corn, flour, egg, and milk into a batter.', 'Fry spoonfuls in hot oil until golden.']",,Generated,"['corn kernels', 'flour', 'egg', 'milk']"
85,Pineapple Coconut Smoothie,"['200 g pineapple', '200 ml coconut milk', '10 g shredded coconut']","['Blend pineapple, coconut milk, and shredded coconut until smooth.', 'Serve immediately.']",,Generated,"['pineapple', 'coconut milk', 'shredded coconut']"
86,Grilled Halloumi Salad,"['200 g halloumi cheese', '100 g mixed greens', '50 g cherry tomatoes', '20 ml balsamic glaze']","['Slice halloumi cheese and grill until golden.', 'Toss mixed greens with cherry tomatoes.', 'Top with grilled halloumi and drizzle with balsamic glaze.']",,Generated,"['halloumi cheese', 'mixed greens', 'cherry tomatoes', 'balsamic glaze']"
87,Stuffed Portobello Mushrooms,"['4 portobello mushrooms', '100 g goat cheese', '50 g spinach', '10 g breadcrumbs']","['Remove stems from mushrooms.', 'Mix goat cheese, spinach, and breadcrumbs.', 'Fill mushrooms with the mixture and bake at 180°C for 20 minutes.']",,Generated,"['mushrooms', 'goat cheese', 'spinach', 'breadcrumbs']"
88,Pineapple Fried Rice,"['200 g cooked rice', '100 g pineapple chunks', '50 g peas', '20 ml soy sauce']","['Heat a pan and stir-fry pineapple chunks and peas.', 'Add cooked rice and soy sauce.', 'Stir-fry for 5 minutes and serve.']",,Generated,"['rice', 'pineapple', 'peas', 'soy sauce']"
89,Orange Sesame Tofu,"['200 g tofu', '50 ml orange juice', '10 g sesame seeds', '20 ml soy sauce']","['Marinate tofu in orange juice and soy sauce for 30 minutes.', 'Pan-fry tofu until crispy and sprinkle with sesame seeds.', 'Serve warm.']",,Generated,"['tofu', 'orange juice', 'sesame seeds', 'soy sauce']"
90,Lemon Herb Quinoa,"['200 g quinoa', '10 g parsley', '5 g mint', '10 ml lemon juice']","['Cook quinoa according to package instructions.', 'Toss with parsley, mint, and lemon juice.', 'Serve as a side dish.']",,Generated,"['quinoa', 'parsley', 'mint', 'lemon juice']"
91,Broccoli Cheddar Soup,"['500 g broccoli', '200 g cheddar cheese', '1 liter vegetable stock', '200 ml cream']","['Boil broccoli in vegetable stock until tender.', 'Blend with cream and stir in cheddar cheese.', 'Simmer until cheese is melted.']",,Generated,"['broccoli', 'cheddar cheese', 'vegetable stock', 'cream']"
92,Sweet Potato Fries,"['500 g sweet potatoes', '30 ml olive oil', '5 g paprika', '5 g salt']","['Cut sweet potatoes into thin strips.', 'Toss with olive oil, paprika, and salt.', 'Bake at 200°C for 25 minutes.']",,Generated,"['sweet potatoes', 'olive oil', 'paprika', 'salt']"
93,Apple Cinnamon Overnight Oats,"['100 g oats', '200 ml milk', '1 apple', '5 g cinnamon']","['Mix oats and milk in a jar.', 'Add grated apple and sprinkle with cinnamon.', 'Chill overnight before serving.']",,Generated,"['oats', 'milk', 'apple', 'cinnamon']"
94,Roasted Cauliflower Steaks,"['1 head cauliflower', '30 ml olive oil', '5 g smoked paprika', '5 g garlic powder']","['Slice cauliflower into thick steaks.', 'Brush with olive oil and sprinkle with smoked paprika and garlic powder.', 'Roast at 200°C for 25 minutes.']",,Generated,"['cauliflower', 'olive oil', 'paprika', 'garlic']"
95,Strawberry Basil Lemonade,"['200 g strawberries', '50 g basil leaves', '100 ml lemon juice', '500 ml sparkling water']","['Blend strawberries and basil leaves.', 'Mix with lemon juice and sparkling water.', 'Serve over ice.']",,Generated,"['strawberries', 'basil', 'lemon juice', 'sparkling water']"
96,Spinach Artichoke Pasta,"['200 g pasta', '100 g spinach', '100 g artichoke hearts', '50 ml cream']","['Cook pasta according to package instructions.', 'Sauté spinach and artichoke hearts.', 'Stir in cream and toss with cooked pasta.']",,Generated,"['pasta', 'spinach', 'artichoke', 'cream']"
97,Miso Glazed Eggplant,"['2 eggplants', '50 ml miso paste', '30 ml soy sauce', '20 ml honey']","['Slice eggplants and brush with miso, soy sauce, and honey mixture.', 'Grill until caramelized and serve.']",,Generated,"['eggplants', 'miso paste', 'soy sauce', 'honey']"
98,Chocolate Zucchini Cake,"['200 g zucchini', '200 g flour', '100 g sugar', '50 g cocoa powder']","['Grate zucchini and mix with flour, sugar, and cocoa powder.', 'Bake at 180°C for 30 minutes.', 'Cool before serving.']",,Generated,"['zucchini', 'flour', 'sugar', 'cocoa powder']"
99,Peanut Butter Energy Bites,"['200 g oats', '50 g peanut butter', '50 g honey', '30 g dark chocolate chips']","['Mix oats, peanut butter, and honey.', 'Fold in chocolate chips and roll into balls.', 'Chill before serving.']",,Generated,"['oats', 'peanut butter', 'honey', 'chocolate chips']"
100,Ratatouille,"['1 zucchini', '1 eggplant', '1 bell pepper', '200 g tomato sauce']","['Slice vegetables and layer in a baking dish.', 'Pour tomato sauce over and bake at 180°C for 40 minutes.', 'Serve warm.']",,Generated,"['zucchini', 'eggplant', 'bell pepper', 'tomato sauce']"
101,Avocado Toast,"['2 slices bread', '1 avocado', '10 g lemon juice', '5 g chili flakes']","['Toast bread slices.', 'Mash avocado with lemon juice and spread on toast.', 'Sprinkle with chili flakes and serve.']",,Generated,"['bread', 'avocado', 'lemon juice', 'chili flakes']"
102,Carrot Ginger Soup,"['500 g carrots', '1 liter vegetable stock', '10 g ginger', '200 ml cream']","['Cook carrots and ginger in vegetable stock until tender.', 'Blend until smooth and stir in cream.', 'Serve warm.']",,Generated,"['carrots', 'vegetable stock', 'ginger', 'cream']"
103,Coconut Curry Lentils,"['200 g lentils', '400 ml coconut milk', '50 g curry paste', '200 ml vegetable stock']","['Simmer lentils in vegetable stock until tender.', 'Stir in coconut milk and curry paste.', 'Cook for 10 minutes and serve.']",,Generated,"['lentils', 'coconut milk', 'curry paste', 'vegetable stock']"
104,Lemon Poppy Seed Muffins,"['200 g flour', '100 g sugar', '50 ml lemon juice', '10 g poppy seeds']","['Mix flour, sugar, lemon juice, and poppy seeds into a batter.', 'Bake at 180°C for 20 minutes.', 'Cool before serving.']",,Generated,"['flour', 'sugar', 'lemon juice', 'poppy seeds']"
105,Berry Smoothie Bowl,"['200 g mixed berries', '200 ml almond milk', '50 g granola', '10 g shredded coconut']","['Blend mixed berries and almond milk until smooth.', 'Pour into a bowl and top with granola and shredded coconut.', 'Serve immediately.']",,Generated,"['berries', 'almond milk', 'granola', 'shredded coconut']"
106,Baked Feta Pasta,"['200 g pasta', '200 g cherry tomatoes', '100 g feta cheese', '20 ml olive oil']","['Preheat oven to 200°C.', 'Place feta and cherry tomatoes in a baking dish and drizzle with olive oil.', 'Bake for 20 minutes, then mix with cooked pasta and serve.']",,Generated,"['pasta', 'cherry tomatoes', 'feta', 'olive oil']"
107,Chili Lime Grilled Corn,"['4 corn cobs', '10 ml lime juice', '10 g chili powder', '20 g grated Parmesan cheese']","['Grill corn until lightly charred.', 'Brush with lime juice and sprinkle with chili powder and Parmesan cheese.', 'Serve hot.']",,Generated,"['corn', 'lime juice', 'chili powder', 'Parmesan']"
108,Spinach Mushroom Omelette,"['3 eggs', '50 g spinach', '50 g mushrooms', '10 ml olive oil']","['Heat olive oil in a pan and sauté spinach and mushrooms.', 'Whisk eggs and pour over vegetables.', 'Cook until set and fold in half to serve.']",,Generated,"['eggs', 'spinach', 'mushrooms', 'olive oil']"
109,Tomato Basil Bruschetta,"['4 slices bread', '2 tomatoes', '10 g basil', '20 ml olive oil']","['Toast bread slices.', 'Top with diced tomatoes, chopped basil, and a drizzle of olive oil.', 'Serve immediately.']",,Generated,"['bread', 'tomatoes', 'basil', 'olive oil']"
110,Quinoa Chickpea Salad,"['200 g quinoa', '200 g canned chickpeas', '50 g cucumber', '10 ml lemon juice']","['Cook quinoa and cool.', 'Mix with chickpeas, diced cucumber, and lemon juice.', 'Serve chilled.']",,Generated,"['quinoa', 'chickpeas', 'cucumber', 'lemon juice']"
111,Mango Coconut Ice Cream,"['200 ml coconut milk', '100 g mango puree', '50 g sugar']","['Blend coconut milk, mango puree, and sugar.', 'Churn in an ice cream maker and freeze until firm.', 'Serve cold.']",,Generated,"['coconut milk', 'mango', 'sugar']"
112,Rosemary Lemon Chicken,"['4 chicken breasts', '10 g fresh rosemary', '20 ml lemon juice', '30 ml olive oil']","['Marinate chicken in rosemary, lemon juice, and olive oil for 30 minutes.', 'Bake at 180°C for 25 minutes.', 'Serve hot.']",,Generated,"['chicken', 'rosemary', 'lemon juice', 'olive oil']"
113,Spicy Black Bean Tacos,"['8 taco shells', '200 g black beans', '50 g salsa', '50 g shredded lettuce']","['Heat black beans and fill taco shells.', 'Top with salsa and shredded lettuce.', 'Serve immediately.']",,Generated,"['taco shells', 'black beans', 'salsa', 'lettuce']"
114,Carrot Cake Energy Balls,"['100 g oats', '50 g grated carrots', '20 g honey', '10 g raisins']","['Mix oats, grated carrots, honey, and raisins.', 'Roll into balls and chill before serving.', 'Store in the fridge.']",,Generated,"['oats', 'carrots', 'honey', 'raisins']"
115,Green Smoothie,"['1 banana', '100 g spinach', '200 ml almond milk', '10 g chia seeds']","['Blend banana, spinach, almond milk, and chia seeds until smooth.', 'Serve immediately.']",,Generated,"['banana', 'spinach', 'almond milk', 'chia seeds']"
116,Stuffed Zucchini Boats,"['2 zucchinis', '200 g ground turkey', '50 g tomato sauce', '50 g shredded cheese']","['Cut zucchinis in half and scoop out the center.', 'Fill with ground turkey and tomato sauce, and top with shredded cheese.', 'Bake at 180°C for 25 minutes.']",,Generated,"['zucchini', 'turkey', 'tomato sauce', 'cheese']"
117,Peanut Butter Chocolate Smoothie,"['1 banana', '30 g peanut butter', '200 ml milk', '10 g cocoa powder']","['Blend banana, peanut butter, milk, and cocoa powder until smooth.', 'Serve chilled.']",,Generated,"['banana', 'peanut butter', 'milk', 'cocoa powder']"
118,Lemon Dill Salmon,"['4 salmon fillets', '10 g dill', '20 ml lemon juice', '30 ml olive oil']","['Marinate salmon in dill, lemon juice, and olive oil for 15 minutes.', 'Bake at 180°C for 20 minutes.', 'Serve with a side of vegetables.']",,Generated,"['salmon', 'dill', 'lemon juice', 'olive oil']"
119,Chocolate Avocado Pudding,"['2 ripe avocados', '50 g cocoa powder', '50 g honey', '100 ml almond milk']","['Blend avocados, cocoa powder, honey, and almond milk until smooth.', 'Chill before serving.', 'Garnish with berries if desired.']",,Generated,"['avocados', 'cocoa powder', 'honey', 'almond milk']"
120,Lentil Veggie Burgers,"['200 g lentils', '50 g breadcrumbs', '50 g grated carrots', '10 g garlic']","['Mash cooked lentils and mix with breadcrumbs, grated carrots, and minced garlic.', 'Form into patties and pan-fry until golden.', 'Serve on a bun with toppings.']",,Generated,"['lentils', 'breadcrumbs', 'carrots', 'garlic']"
121,Pineapple Salsa,"['200 g pineapple', '50 g red onion', '10 g cilantro', '10 ml lime juice']","['Dice pineapple and red onion.', 'Mix with chopped cilantro and lime juice.', 'Serve as a topping or dip.']",,Generated,"['pineapple', 'red onion', 'cilantro', 'lime juice']"
122,Herb Roasted Sweet Potatoes,"['500 g sweet potatoes', '10 g rosemary', '30 ml olive oil', '5 g salt']","['Cut sweet potatoes into cubes.', 'Toss with rosemary, olive oil, and salt.', 'Roast at 200°C for 25 minutes.']",,Generated,"['sweet potatoes', 'rosemary', 'olive oil', 'salt']"
123,Zucchini Noodles with Pesto,"['2 zucchinis', '50 g pesto', '10 g Parmesan cheese', '10 ml olive oil']","['Spiralize zucchinis into noodles.', 'Toss with pesto and olive oil.', 'Top with grated Parmesan and serve.']",,Generated,"['zucchini', 'pesto', 'Parmesan', 'olive oil']"
124,Chickpea Curry,"['200 g chickpeas', '50 g curry paste', '400 ml coconut milk', '200 ml vegetable stock']","['Simmer chickpeas in vegetable stock.', 'Stir in curry paste and coconut milk.', 'Cook for 10 minutes and serve with rice.']",,Generated,"['chickpeas', 'curry paste', 'coconut milk', 'vegetable stock']"
125,Berry Yogurt Parfait,"['200 g Greek yogurt', '100 g mixed berries', '50 g granola', '10 g honey']","['Layer Greek yogurt, mixed berries, granola, and honey in a glass.', 'Repeat layers and serve chilled.']",,Generated,"['yogurt', 'berries', 'granola', 'honey']"
126,Baked Eggplant Parmesan,"['2 eggplants', '200 g tomato sauce', '100 g mozzarella', '50 g breadcrumbs']","['Slice eggplants and layer with tomato sauce, mozzarella, and breadcrumbs in a baking dish.', 'Bake at 180°C for 30 minutes until bubbly and golden.', 'Serve warm.']",,Generated,"['eggplants', 'tomato sauce', 'mozzarella', 'breadcrumbs']"
127,Spaghetti Squash Alfredo,"['1 spaghetti squash', '200 ml cream', '50 g Parmesan cheese', '10 g garlic']","['Roast spaghetti squash at 200°C for 40 minutes.', 'Scoop out strands and toss with cream, Parmesan, and garlic.', 'Serve hot.']",,Generated,"['spaghetti squash', 'cream', 'Parmesan', 'garlic']"
128,Cauliflower Buffalo Wings,"['1 head cauliflower', '50 g flour', '50 ml hot sauce', '30 ml olive oil']","['Cut cauliflower into florets.', 'Toss with flour and olive oil, then bake at 200°C for 20 minutes.', 'Coat with hot sauce and bake for another 10 minutes.']",,Generated,"['cauliflower', 'flour', 'hot sauce', 'olive oil']"
129,Lemon Herb Risotto,"['200 g arborio rice', '1 liter vegetable stock', '10 ml lemon juice', '10 g parsley']","['Cook arborio rice in vegetable stock, stirring constantly.', 'Add lemon juice and parsley before serving.', 'Serve warm.']",,Generated,"['arborio rice', 'vegetable stock', 'lemon juice', 'parsley']"
130,Roasted Garlic Hummus,"['200 g canned chickpeas', '50 g tahini', '10 ml lemon juice', '1 head roasted garlic']","['Blend chickpeas, tahini, lemon juice, and roasted garlic until smooth.', 'Serve with pita bread or vegetables.']",,Generated,"['chickpeas', 'tahini', 'lemon juice', 'roasted garlic']"
131,Caprese Salad,"['200 g cherry tomatoes', '100 g mozzarella', '10 g basil', '20 ml balsamic glaze']","['Slice cherry tomatoes and mozzarella.', 'Arrange on a plate and top with basil and balsamic glaze.', 'Serve immediately.']",,Generated,"['tomatoes', 'mozzarella', 'basil', 'balsamic glaze']"
132,Spinach Feta Stuffed Chicken,"['4 chicken breasts', '100 g spinach', '50 g feta cheese', '10 ml olive oil']","['Cut a pocket into each chicken breast.', 'Stuff with spinach and feta mixture and secure with toothpicks.', 'Bake at 180°C for 25 minutes.']",,Generated,"['chicken', 'spinach', 'feta', 'olive oil']"
133,Tomato Lentil Soup,"['200 g red lentils', '1 liter vegetable stock', '200 g diced tomatoes', '10 g cumin']","['Combine lentils, vegetable stock, diced tomatoes, and cumin in a pot.', 'Simmer for 25 minutes and blend partially for a creamy texture.', 'Serve warm.']",,Generated,"['lentils', 'vegetable stock', 'tomatoes', 'cumin']"
134,Zucchini Fritters,"['500 g zucchini', '50 g flour', '1 egg', '5 g salt']","['Grate zucchini and squeeze out excess water.', 'Mix with flour, egg, and salt.', 'Fry spoonfuls in hot oil until golden.', 'Serve warm.']",,Generated,"['zucchini', 'flour', 'egg', 'salt']"
135,Miso Soup,"['1 liter water', '50 g miso paste', '100 g tofu', '10 g seaweed']","['Heat water and dissolve miso paste.', 'Add tofu and seaweed and simmer for 5 minutes.', 'Serve hot.']",,Generated,"['water', 'miso paste', 'tofu', 'seaweed']"
136,Berry Oat Bars,"['200 g oats', '100 g mixed berries', '50 g honey', '50 g butter']","['Mix oats, honey, and melted butter.', 'Press half the mixture into a baking dish and top with berries.', 'Cover with remaining oat mixture and bake at 180°C for 25 minutes.', 'Cool and slice into bars.']",,Generated,"['oats', 'berries', 'honey', 'butter']"
137,Roasted Red Pepper Dip,"['200 g roasted red peppers', '50 g cream cheese', '10 ml lemon juice', '10 g garlic']","['Blend roasted red peppers, cream cheese, lemon juice, and garlic until smooth.', 'Serve with crackers or bread.']",,Generated,"['red peppers', 'cream cheese', 'lemon juice', 'garlic']"
138,Chickpea Avocado Salad,"['200 g canned chickpeas', '1 avocado', '10 ml lemon juice', '10 g cilantro']","['Mash avocado and mix with chickpeas, lemon juice, and chopped cilantro.', 'Serve as a side dish or sandwich filling.']",,Generated,"['chickpeas', 'avocado', 'lemon juice', 'cilantro']"
139,Cauliflower Mash,"['500 g cauliflower', '50 ml cream', '10 g garlic', '5 g salt']","['Boil cauliflower until tender.', 'Blend with cream, garlic, and salt until smooth.', 'Serve as a low-carb side dish.']",,Generated,"['cauliflower', 'cream', 'garlic', 'salt']"
140,Chocolate Chia Pudding,"['200 ml almond milk', '50 g chia seeds', '20 gn  cocoa powder', '20 g honey']","['Mix almond milk, chia seeds, cocoa powder, and honey.', 'Chill for 4 hours, stirring occasionally.', 'Serve chilled.']",,Generated,"['almond milk', 'chia seeds', 'cocoa powder', 'honey']"
141,Sweet Potato Black Bean Tacos,"['4 taco shells', '200 g black beans', '100 g sweet potato', '50 g salsa']","['Roast sweet potato cubes at 200°C for 25 minutes.', 'Fill taco shells with black beans, roasted sweet potatoes, and salsa.', 'Serve immediately.']",,Generated,"['taco shells', 'black beans', 'sweet potato', 'salsa']"
142,Lemon Herb Couscous,"['200 g couscous', '10 g parsley', '10 ml lemon juice', '20 ml olive oil']","['Cook couscous according to package instructions.', 'Toss with parsley, lemon juice, and olive oil.', 'Serve warm or chilled.']",,Generated,"['couscous', 'parsley', 'lemon juice', 'olive oil']"
143,Vegetable Stir-Fry,"['200 g mixed vegetables', '50 ml soy sauce', '10 ml sesame oil', '10 g ginger']","['Heat sesame oil in a pan and sauté ginger.', 'Add mixed vegetables and stir-fry for 5 minutes.', 'Stir in soy sauce and cook for another 2 minutes.', 'Serve over rice or noodles.']",,Generated,"['vegetables', 'soy sauce', 'sesame oil', 'ginger']"
144,Avocado Toast with Egg,"['2 slices bread', '1 avocado', '2 eggs', '10 ml lemon juice']","['Toast bread slices.', 'Mash avocado with lemon juice and spread on toast.', 'Top with fried eggs and serve.']",,Generated,"['bread', 'avocado', 'eggs', 'lemon juice']"
145,Banana Oat Pancakes,"['2 bananas', '100 g oats', '2 eggs', '10 g cinnamon']","['Blend bananas, oats, eggs, and cinnamon into a smooth batter.', 'Cook pancakes on a non-stick skillet until golden.', 'Serve warm with maple syrup.']",,Generated,"['bananas', 'oats', 'eggs', 'cinnamon']"
146,Grilled Vegetable Skewers,"['200 g zucchini', '200 g bell peppers', '100 g mushrooms', '30 ml olive oil']","['Cut vegetables into chunks and toss with olive oil.', 'Thread onto skewers and grill for 10 minutes, turning occasionally.', 'Serve warm.']",,Generated,"['zucchini', 'bell peppers', 'mushrooms', 'olive oil']"
147,Strawberry Spinach Salad,"['100 g spinach', '200 g strawberries', '30 g almonds', '20 ml balsamic dressing']","['Toss spinach, sliced strawberries, and almonds together.', 'Drizzle with balsamic dressing and serve immediately.']",,Generated,"['spinach', 'strawberries', 'almonds', 'balsamic dressing']"
148,Quinoa Breakfast Bowl,"['200 g quinoa', '1 banana', '30 g almonds', '10 g honey']","['Cook quinoa and let cool slightly.', 'Top with sliced banana, almonds, and a drizzle of honey.', 'Serve as a healthy breakfast.']",,Generated,"['quinoa', 'banana', 'almonds', 'honey']"
149,Lentil Spinach Curry,"['200 g lentils', '100 g spinach', '400 ml coconut milk', '50 g curry paste']","['Cook lentils in water until tender.', 'Stir in curry paste, coconut milk, and spinach.', 'Simmer for 10 minutes and serve with rice.']",,Generated,"['lentils', 'spinach', 'coconut milk', 'curry paste']"
150,Mediterranean Pasta Salad,"['200 g pasta', '50 g cherry tomatoes', '50 g olives', '30 g feta cheese']","['Cook pasta and cool.', 'Mix with cherry tomatoes, olives, and crumbled feta cheese.', 'Toss with olive oil and serve chilled.']",,Generated,"['pasta', 'cherry tomatoes', 'olives', 'feta cheese']"
151,Pineapple Sandwich,"['2 slices of white bread', '4 pineapple rings (canned or fresh)', '2 tbsp mayonnaise', 'Salt to taste']","['Spread 1 tbsp of mayonnaise evenly on each slice of bread.', 'Place a pineapple ring on two slices of bread.', 'Sprinkle with a pinch of salt if desired.', 'Top with the remaining slices of bread to form sandwiches.']",https://www.southernliving.com/pineapple-sandwich-7481179,Gathered,"['bread', 'pineapple', 'mayonnaise', 'salt']"
152,Pineapple Fluff,"['1 can (20 oz) crushed pineapple, drained', '1 package (3.4 oz) instant vanilla pudding mix', '2 cups whipped topping', '1 cup mini marshmallows', '1/2 cup chopped pecans']","['In a large bowl, combine the drained crushed pineapple and instant vanilla pudding mix.', 'Fold in the whipped topping until well blended.', 'Stir in the mini marshmallows and chopped pecans.', 'Refrigerate for at least 1 hour before serving.']",https://www.southernliving.com/pineapple-fluff-7505864,Gathered,"['pineapple', 'vanilla pudding', 'whipped topping', 'marshmallows', 'pecans']"
153,Waffled Pizza Dippers,"['1 tube (13.8 oz) refrigerated pizza dough', '1/2 cup pizza sauce', '1 cup shredded mozzarella cheese', '1/2 cup sliced pepperoni (optional)', '1/4 cup melted butter', '1/2 tsp garlic powder', '1/2 tsp Italian seasoning']","['Preheat a waffle iron and lightly grease it.', 'Roll out the pizza dough and cut it into 4 equal rectangles.', 'Spread pizza sauce on half of each rectangle, leaving a small border.', 'Sprinkle with mozzarella cheese and add pepperoni if using.', 'Fold the dough over and seal the edges by pressing with a fork.', 'Brush the tops with melted butter mixed with garlic powder and Italian seasoning.', 'Place one filled dough rectangle in the waffle iron and cook until golden brown.', 'Repeat with the remaining dough rectangles.', 'Cut into strips and serve with extra pizza sauce for dipping.']",https://www.food.com/recipe/waffled-pizza-dippers-242694,Gathered,"['pizza dough', 'pizza sauce', 'mozzarella cheese', 'pepperoni', 'butter', 'garlic powder', 'Italian seasoning']"
154,Fried Twinkies,"['6 Twinkies', '6 wooden skewers', '4 cups vegetable oil (for frying)', '1 cup milk', '2 Tbsp vinegar', '1 Tbsp vegetable oil', '1 cup all-purpose flour', '1 tsp baking powder', '1/2 tsp salt', 'Powdered sugar (for dusting)']","['Insert wooden skewers into the Twinkies and freeze them for at least 2 hours.', 'Heat vegetable oil in a deep fryer or large pot to 375°F (190°C).', 'In a bowl, mix milk, vinegar, and 1 Tbsp vegetable oil; let sit for 5 minutes.', 'Combine flour, baking powder, and salt in another bowl.', 'Gradually whisk the dry ingredients into the wet ingredients until smooth.', 'Dip each frozen Twinkie into the batter, coating it completely.', 'Carefully lower the Twinkies into the hot oil and fry until golden brown, about 2-3 minutes.', 'Remove and drain on paper towels.', 'Dust with powdered sugar before serving.']",https://www.food.com/recipe/fried-twinkies-41317,Gathered,"['Twinkies', 'vegetable oil', 'milk', 'vinegar', 'flour', 'baking powder', 'salt', 'powdered sugar']"
155,Fried Milk,"['2 cups milk', '1/2 cup cornstarch', '1/4 cup sugar', '1/2 tsp vanilla extract', '1 cup all-purpose flour', '2 eggs, beaten', '1 cup breadcrumbs', 'Vegetable oil (for frying)', 'Powdered sugar (for dusting, optional)']","['In a saucepan, combine milk, cornstarch, sugar, and vanilla extract over medium heat.', 'Cook while stirring constantly until the mixture thickens and becomes smooth.', 'Pour the mixture into a greased square dish and refrigerate for at least 2 hours, or until firm.', 'Cut the chilled milk mixture into small squares or rectangles.', 'Prepare three bowls for coating: one with flour, one with beaten eggs, and one with breadcrumbs.', 'Coat each piece of milk first in flour, then in egg, and finally in breadcrumbs.', 'Heat vegetable oil in a deep fryer or large skillet to 350°F (175°C).', 'Fry the coated milk pieces until golden brown, about 2-3 minutes.', 'Drain on paper towels and dust with powdered sugar if desired before serving.']",https://www.food.com/recipe/fried-milk-104484,Gathered,"['milk', 'cornstarch', 'sugar', 'vanilla', 'flour', 'eggs', 'breadcrumbs', 'vegetable oil', 'powdered sugar']"
